{
    "metadata":{
        "uvs":0,
        "normals":22,
        "type":"Geometry",
        "generator":"io_three",
        "faces":26,
        "vertices":24,
        "materials":1,
        "version":3
    },
    "vertices":[1.28877,0.631364,0.177727,1.28877,0.631364,-0.156185,1.14418,0.547886,0.177727,1.14418,0.547886,-0.156185,1.14418,0.38093,0.177727,1.14418,0.38093,-0.156185,1.28877,0.297452,0.177727,1.28877,0.297452,-0.156185,1.43336,0.38093,0.177727,1.43336,0.38093,-0.156185,1.43336,0.547886,0.177727,1.43336,0.547886,-0.156185,1.22807,0.499451,-0.156185,1.28877,0.534495,-0.156185,1.22807,0.429365,-0.156185,1.28877,0.394322,-0.156185,1.34946,0.429365,-0.156185,1.34946,0.499451,-0.156185,1.23489,0.495515,-1.15126,1.28877,0.526623,-1.15126,1.23489,0.433301,-1.15126,1.28877,0.402194,-1.15126,1.34265,0.433301,-1.15126,1.34265,0.495515,-1.15126],
    "materials":[{
        "specularCoef":50,
        "depthWrite":true,
        "visible":true,
        "colorDiffuse":[0.64,0.64,0.64],
        "doubleSided":false,
        "blending":1,
        "wireframe":false,
        "transparent":false,
        "DbgIndex":0,
        "shading":"phong",
        "opacity":1,
        "DbgName":"Body",
        "colorSpecular":[0.5,0.5,0.5],
        "colorEmissive":[0,0,0],
        "depthTest":true,
        "DbgColor":15658734
    }],
    "uvs":[],
    "normals":[-0.5,0.866025,2.58939e-07,-1,3.57008e-07,1.78504e-07,-0.5,-0.866025,9.18815e-08,0.5,-0.866025,-2.58939e-07,-0,0,-1,1,0,-3.57008e-07,0.5,0.866025,-1.00234e-07,2.06119e-07,0,1,-4.12237e-07,-3.57008e-07,1,-0.499988,0.866005,-0.0068508,0,0,-1,-1.08882e-07,-6.28629e-08,-1,-1.08882e-07,6.28628e-08,-1,-1.08882e-07,6.28628e-08,-1,-1.08882e-07,-6.28628e-08,-1,0,-0,-1,0,0,-1,0.499988,0.866005,-0.00685095,0.499989,-0.866005,-0.00685103,-0.999977,9.01953e-07,-0.00685076,0.999977,0,-0.00685106,-0.499989,-0.866005,-0.00685091],
    "faces":[35,0,1,3,2,0,0,0,0,0,35,2,3,5,4,0,1,1,1,1,35,4,5,7,6,0,2,2,2,2,35,6,7,9,8,0,3,3,3,3,35,5,3,12,14,0,4,4,4,4,35,8,9,11,10,0,5,5,5,5,35,1,0,10,11,0,6,6,6,6,34,10,0,2,0,7,7,7,34,2,4,6,0,8,8,8,34,6,8,10,0,7,7,7,34,2,6,10,0,7,7,7,35,12,13,19,18,0,9,9,9,9,35,11,9,16,17,0,10,10,10,10,35,3,1,13,12,0,11,11,11,11,35,7,5,14,15,0,12,12,12,12,35,1,11,17,13,0,13,13,13,13,35,9,7,15,16,0,14,14,14,14,34,20,18,19,0,15,15,15,34,19,23,22,0,16,16,16,34,22,21,20,0,16,16,16,34,19,22,20,0,16,16,16,35,13,17,23,19,0,17,17,17,17,35,16,15,21,22,0,18,18,18,18,35,14,12,18,20,0,19,19,19,19,35,17,16,22,23,0,20,20,20,20,35,15,14,20,21,0,21,21,21,21]
}